App,Category,Rating,Reviews,Installs,Price,SizeMB
App1,Productivity,4.0,34466,1000000,1.99,53.0
App2,Productivity,4.0,41717,50000,1.99,53.0
App3,Education,4.0,25707,500000,1.99,50.0
App4,Education,3.9,49871,1000,1.99,53.0
App5,Productivity,3.9,25707,10000,4.99,53.0
App6,Productivity,3.8,25707,100000,4.99,17.0
App7,Health,4.0,3031,500000,0.99,53.0
App8,Productivity,4.0,25707,100000,2.99,53.0
App9,Health,3.6,25707,500000,4.99,53.0
App10,Tools,4.0,25707,50000,0.0,53.0
App11,Tools,4.0,44860,50000,0.99,35.0
App12,Education,4.9,25707,50000,2.99,53.0
App13,Education,3.2,25707,10000,0.99,53.0
App14,Social,3.0,25707,5000,4.99,53.0
App15,Social,4.0,25707,1000000,0.0,53.0
App16,Entertainment,4.4,632,5000,2.99,53.0
App17,Game,5.0,8274,50000,1.99,16.0
App18,Health,4.0,25707,50000,2.99,31.0
App19,Education,4.0,32123,1000,4.99,53.0
App20,Entertainment,4.0,30762,50000,1.99,53.0
App21,Entertainment,3.7,25707,50000,1.99,53.0
App22,Productivity,4.0,25707,1000,1.99,53.0
App23,Game,4.8,25968,50000,0.0,53.0
App24,Tools,4.0,36937,1000,1.99,51.0
App25,Health,3.7,25707,5000,4.99,53.0
App26,Health,4.0,25707,500000,4.99,53.0
App27,Productivity,4.0,49862,1000,1.99,53.0
App28,Education,4.8,25707,50000,0.0,53.0
App29,Education,4.0,306,10000,4.99,53.0
App30,Social,4.0,25707,500000,1.99,53.0
App31,Finance,4.0,47856,1000,1.99,29.0
App32,Health,3.9,30475,5000,1.99,53.0
App33,Game,4.0,25707,10000,2.99,44.0
App34,Education,4.0,25707,1000,1.99,59.0
App35,Health,4.0,25707,500000,1.99,17.0
App36,Game,4.0,25707,500000,1.99,53.0
App37,Entertainment,4.1,2826,1000000,0.99,36.0
App38,Game,4.9,32737,50000,1.99,53.0
App39,Health,4.0,4943,1000000,1.99,31.0
App40,Productivity,4.0,9796,50000,1.99,53.0
App41,Social,4.0,25707,50000,0.0,53.0
App42,Productivity,4.0,48728,1000,0.0,53.0
App43,Productivity,4.5,21169,10000,1.99,53.0
App44,Education,4.7,25707,500000,0.0,53.0
App45,Entertainment,4.0,25707,100000,2.99,53.0
App46,Tools,4.0,25707,100000,2.99,53.0
App47,Entertainment,4.0,25707,1000,4.99,13.0
App48,Tools,4.0,12595,1000,0.99,18.0
App49,Social,4.0,25707,5000,2.99,53.0
App50,Game,4.0,29503,1000,1.99,53.0
App51,Productivity,4.8,40004,50000,1.99,53.0
App52,Finance,4.1,25707,100000,2.99,53.0
App53,Health,3.5,33136,1000000,1.99,89.0
App54,Entertainment,4.0,25707,5000,2.99,53.0
App55,Tools,4.0,25707,10000,0.99,54.0
App56,Entertainment,4.3,25707,10000,4.99,53.0
App57,Tools,4.0,25707,1000,0.0,53.0
App58,Education,5.0,35199,50000,1.99,53.0
App59,Game,4.0,25707,5000,2.99,53.0
App60,Finance,4.0,25707,1000,2.99,53.0
App61,Education,4.0,25707,1000000,1.99,53.0
App62,Entertainment,4.0,25707,100000,4.99,84.0
App63,Social,3.2,25707,50000,2.99,53.0
App64,Tools,4.7,25707,5000,4.99,38.0
App65,Tools,4.0,27313,100000,0.99,53.0
App66,Education,4.0,25707,500000,1.99,53.0
App67,Finance,4.0,4343,50000,0.99,53.0
App68,Tools,4.0,25315,50000,1.99,24.0
App69,Productivity,4.0,25707,1000,1.99,31.0
App70,Social,4.0,4263,100000,4.99,53.0
App71,Health,4.0,25707,50000,1.99,53.0
App72,Education,4.0,25707,5000,0.99,53.0
App73,Productivity,4.1,49019,5000,1.99,24.0
App74,Productivity,4.0,190,1000,1.99,22.0
App75,Game,4.6,25707,1000000,2.99,19.0
App76,Health,4.0,25707,5000,0.0,53.0
App77,Game,4.0,25707,1000,0.0,53.0
App78,Game,3.4,4083,10000,2.99,53.0
App79,Health,3.5,25707,50000,0.99,70.0
App80,Tools,4.0,25707,10000,4.99,20.0
App81,Entertainment,4.9,25707,50000,1.99,93.0
App82,Health,4.0,26454,1000000,0.99,53.0
App83,Health,4.3,20712,1000,1.99,68.0
App84,Health,4.0,25707,50000,4.99,53.0
App85,Health,4.0,43557,50000,0.0,16.0
App86,Finance,4.0,5426,100000,1.99,53.0
App87,Tools,4.0,25707,100000,0.0,26.0
App88,Tools,4.0,38377,500000,0.99,53.0
App89,Health,4.0,25707,5000,1.99,53.0
App90,Education,4.0,25707,1000,1.99,94.0
App91,Social,4.5,25707,50000,1.99,53.0
App92,Social,4.1,25707,100000,4.99,53.0
App93,Entertainment,3.3,25707,500000,2.99,53.0
App94,Education,4.0,25707,5000,4.99,79.0
App95,Education,4.0,25707,5000,0.0,46.0
App96,Health,4.0,25707,500000,4.99,12.0
App97,Game,4.0,25707,50000,4.99,53.0
App98,Tools,4.0,25707,1000000,1.99,53.0
App99,Tools,4.0,25707,100000,2.99,53.0
App100,Game,4.0,20975,1000,2.99,53.0
App101,Health,4.0,9175,1000000,1.99,53.0
App102,Social,3.1,9758,500000,1.99,53.0
App103,Entertainment,4.0,789,50000,1.99,53.0
App104,Game,4.3,18231,100000,1.99,53.0
App105,Social,4.0,25707,50000,0.0,53.0
App106,Entertainment,3.9,25707,10000,1.99,25.0
App107,Productivity,4.0,25707,1000000,0.99,53.0
App108,Social,4.0,25707,5000,0.99,27.0
App109,Social,4.0,25707,500000,2.99,76.0
App110,Tools,4.0,26221,50000,0.99,53.0
App111,Productivity,4.0,25707,50000,2.99,39.0
App112,Productivity,4.0,25707,50000,1.99,65.0
App113,Productivity,4.0,33606,1000000,1.99,53.0
App114,Social,4.0,5863,50000,2.99,79.0
App115,Game,4.0,25707,10000,1.99,53.0
App116,Education,4.6,25707,1000,0.99,74.0
App117,Productivity,4.0,25707,50000,2.99,53.0
App118,Health,4.0,43644,1000,1.99,53.0
App119,Education,4.0,43540,1000,2.99,53.0
App120,Health,3.4,42351,1000000,0.99,53.0
App121,Entertainment,4.0,25707,5000,0.0,53.0
App122,Entertainment,4.0,25707,50000,1.99,53.0
App123,Entertainment,3.2,42433,1000,1.99,17.0
App124,Education,4.2,25707,10000,2.99,53.0
App125,Productivity,4.0,25707,1000,1.99,78.0
App126,Productivity,4.0,30384,100000,0.99,53.0
App127,Productivity,4.4,25707,100000,0.99,53.0
App128,Game,4.0,25707,100000,1.99,88.0
App129,Entertainment,4.0,25707,500000,1.99,53.0
App130,Entertainment,3.6,25707,50000,2.99,53.0
App131,Productivity,3.2,8356,1000000,0.0,53.0
App132,Health,4.9,49193,500000,2.99,53.0
App133,Education,4.0,42457,1000000,4.99,53.0
App134,Education,4.1,43615,500000,0.0,22.0
App135,Productivity,4.0,25707,10000,1.99,53.0
App136,Tools,4.0,38281,5000,1.99,53.0
App137,Tools,4.0,34362,10000,1.99,58.0
App138,Finance,4.0,41808,500000,0.0,53.0
App139,Social,3.9,25707,10000,4.99,53.0
App140,Tools,4.1,25707,50000,2.99,53.0
App141,Health,3.8,25707,50000,2.99,53.0
App142,Game,4.0,25707,100000,1.99,53.0
App143,Game,4.0,28097,50000,0.0,53.0
App144,Health,4.0,25707,1000,1.99,53.0
App145,Productivity,4.0,5605,10000,4.99,53.0
App146,Health,4.0,42397,100000,1.99,38.0
App147,Game,4.3,2892,50000,2.99,53.0
App148,Entertainment,4.0,13667,1000,2.99,12.0
App149,Finance,3.7,18211,500000,0.99,38.0
App150,Entertainment,4.3,25707,5000,1.99,80.0
App151,Game,4.0,25707,50000,1.99,53.0
App152,Productivity,3.8,25707,50000,1.99,53.0
App153,Game,4.0,42497,1000,1.99,22.0
App154,Finance,4.6,25707,5000,2.99,53.0
App155,Social,4.0,25707,5000,1.99,53.0
App156,Health,4.0,25707,5000,1.99,40.0
App157,Finance,4.0,25183,50000,1.99,53.0
App158,Finance,3.4,30804,10000,1.99,53.0
App159,Productivity,4.0,25707,5000,4.99,53.0
App160,Finance,3.6,39048,10000,1.99,53.0
App161,Social,4.0,25707,1000000,1.99,53.0
App162,Health,4.0,25707,50000,4.99,53.0
App163,Social,4.0,38389,50000,1.99,53.0
App164,Social,4.0,25707,10000,4.99,53.0
App165,Entertainment,4.0,25707,50000,2.99,53.0
App166,Game,4.0,25707,100000,4.99,53.0
App167,Finance,4.2,25707,100000,4.99,54.0
App168,Health,4.0,25707,100000,1.99,53.0
App169,Productivity,3.7,36748,500000,0.0,53.0
App170,Tools,3.0,46960,100000,2.99,92.0
App171,Finance,4.0,25707,5000,4.99,72.0
App172,Health,4.0,25707,100000,0.99,53.0
App173,Health,4.0,13588,500000,1.99,20.0
App174,Education,4.0,25707,50000,0.0,53.0
App175,Game,4.0,25707,1000,1.99,53.0
App176,Social,4.0,25707,1000000,1.99,53.0
App177,Game,4.0,25707,1000,1.99,53.0
App178,Tools,4.0,25707,50000,4.99,38.0
App179,Health,4.0,25707,10000,4.99,97.0
App180,Health,3.9,25707,50000,1.99,15.0
App181,Finance,4.0,25707,1000000,1.99,79.0
App182,Health,4.0,25707,500000,4.99,53.0
App183,Education,4.0,25707,100000,0.0,23.0
App184,Productivity,4.1,30408,100000,2.99,57.0
App185,Finance,4.0,21210,500000,1.99,53.0
App186,Game,4.0,25707,1000000,1.99,53.0
App187,Education,4.0,25707,50000,0.99,53.0
App188,Social,4.0,34873,50000,1.99,77.0
App189,Health,4.0,47559,10000,1.99,53.0
App190,Finance,4.0,23179,1000000,1.99,53.0
App191,Social,4.6,25707,50000,0.0,53.0
App192,Social,4.0,46364,100000,1.99,41.0
App193,Productivity,4.0,25707,10000,4.99,53.0
App194,Productivity,4.0,25707,5000,1.99,53.0
App195,Entertainment,4.0,25707,500000,4.99,96.0
App196,Education,4.0,25707,1000,1.99,86.0
App197,Tools,4.0,25707,500000,2.99,53.0
App198,Finance,4.0,25707,1000000,0.99,61.0
App199,Social,4.0,25707,50000,0.0,53.0
App200,Productivity,4.0,20207,1000000,1.99,53.0
App201,Game,4.0,16726,500000,1.99,53.0
App202,Finance,3.8,42009,50000,2.99,45.0
App203,Health,4.0,14498,100000,4.99,51.0
App204,Tools,4.0,25707,50000,0.99,53.0
App205,Health,4.0,49748,50000,0.99,67.0
App206,Game,4.0,24264,10000,0.0,53.0
App207,Finance,4.0,25707,50000,2.99,53.0
App208,Finance,4.0,25707,100000,0.0,20.0
App209,Education,4.0,25707,50000,1.99,53.0
App210,Game,3.5,25707,100000,4.99,53.0
App211,Productivity,3.0,25707,100000,2.99,53.0
App212,Social,4.6,25707,500000,2.99,53.0
App213,Game,4.3,25707,500000,0.0,53.0
App214,Finance,4.0,34257,50000,1.99,77.0
App215,Tools,4.0,25707,50000,4.99,53.0
App216,Game,4.0,11387,5000,4.99,53.0
App217,Game,4.0,47863,50000,0.0,53.0
App218,Tools,4.0,25707,10000,0.99,53.0
App219,Social,4.6,31787,1000,1.99,53.0
App220,Game,4.0,25707,10000,2.99,53.0
App221,Entertainment,4.7,25707,100000,1.99,53.0
App222,Health,4.0,3029,500000,0.99,53.0
App223,Health,3.3,25707,500000,1.99,53.0
App224,Game,4.0,25707,1000000,1.99,94.0
App225,Game,4.0,25707,10000,0.99,73.0
App226,Productivity,4.0,44914,1000,0.0,53.0
App227,Education,4.6,25707,500000,1.99,86.0
App228,Entertainment,4.8,25707,10000,0.99,53.0
App229,Education,4.0,1479,5000,1.99,10.0
App230,Health,4.0,25707,100000,1.99,53.0
App231,Productivity,4.0,25707,5000,4.99,53.0
App232,Game,4.0,25707,1000,4.99,53.0
App233,Social,4.0,37695,100000,1.99,53.0
App234,Productivity,4.0,25707,50000,1.99,53.0
App235,Game,3.7,40225,100000,1.99,67.0
App236,Entertainment,5.0,23671,1000000,1.99,60.0
App237,Productivity,4.0,25707,50000,1.99,53.0
App238,Entertainment,4.0,25707,500000,0.0,53.0
App239,Entertainment,4.6,25707,1000,0.99,37.0
App240,Productivity,4.0,3650,50000,4.99,50.0
App241,Tools,4.1,25707,1000000,1.99,22.0
App242,Productivity,3.9,17548,1000,1.99,60.0
App243,Health,4.0,25707,5000,4.99,53.0
App244,Productivity,4.0,25707,50000,1.99,53.0
App245,Productivity,4.0,46557,50000,4.99,53.0
App246,Productivity,4.0,25707,1000,0.0,53.0
App247,Tools,4.0,25707,5000,0.99,53.0
App248,Social,3.4,5981,50000,0.99,83.0
App249,Social,3.8,9964,50000,0.99,53.0
App250,Tools,4.0,25707,500000,0.99,53.0
App251,Education,4.0,25707,1000,0.0,89.0
App252,Social,4.0,29240,1000000,1.99,66.0
App253,Productivity,3.3,25707,5000,4.99,22.0
App254,Entertainment,4.0,25707,100000,1.99,53.0
App255,Social,4.0,25707,50000,1.99,34.0
App256,Tools,4.7,25707,50000,0.99,23.0
App257,Education,4.0,26092,100000,1.99,53.0
App258,Education,4.0,25707,50000,4.99,53.0
App259,Entertainment,4.0,19523,1000000,1.99,53.0
App260,Finance,4.0,25707,1000000,0.99,50.0
App261,Finance,4.0,25707,50000,0.99,53.0
App262,Social,4.6,25707,10000,1.99,53.0
App263,Social,4.0,23978,50000,0.99,53.0
App264,Productivity,3.5,39853,10000,2.99,53.0
App265,Health,4.0,25707,100000,0.99,53.0
App266,Tools,4.0,25707,5000,1.99,30.0
App267,Social,3.9,25707,5000,1.99,53.0
App268,Entertainment,4.0,25707,50000,0.99,53.0
App269,Finance,4.0,25707,50000,0.0,53.0
App270,Education,4.0,25707,100000,0.99,53.0
App271,Finance,4.0,25707,50000,2.99,23.0
App272,Education,4.0,25707,10000,0.0,53.0
App273,Finance,4.0,25707,50000,0.99,93.0
App274,Health,5.0,25707,100000,0.0,76.0
App275,Education,4.0,25707,1000000,0.0,35.0
App276,Game,4.0,25707,10000,0.0,53.0
App277,Education,3.5,25707,1000000,1.99,61.0
App278,Productivity,4.0,25707,10000,0.99,53.0
App279,Finance,4.0,23912,1000000,2.99,52.0
App280,Entertainment,4.6,47202,5000,1.99,53.0
App281,Game,4.0,10749,50000,1.99,53.0
App282,Social,4.6,29793,10000,0.99,43.0
App283,Health,4.0,25707,50000,0.0,53.0
App284,Social,4.0,12346,500000,2.99,53.0
App285,Health,4.7,25707,500000,4.99,53.0
App286,Game,3.2,25707,50000,0.99,53.0
App287,Health,4.0,3729,1000,4.99,67.0
App288,Tools,4.0,25707,50000,2.99,53.0
App289,Game,4.0,25707,1000,1.99,53.0
App290,Tools,4.0,25707,50000,1.99,53.0
App291,Productivity,4.0,25707,100000,4.99,53.0
App292,Game,4.0,25883,5000,1.99,53.0
App293,Social,4.0,25707,10000,2.99,21.0
App294,Entertainment,4.0,20721,50000,2.99,53.0
App295,Social,4.0,43768,10000,1.99,53.0
App296,Social,4.0,3427,5000,4.99,53.0
App297,Productivity,4.0,24821,50000,1.99,53.0
App298,Tools,5.0,25707,50000,0.0,91.0
App299,Game,3.2,25707,500000,1.99,96.0
App300,Education,3.8,23919,1000,2.99,24.0
App301,Entertainment,4.0,10959,50000,4.99,53.0
App302,Productivity,4.0,25707,1000000,4.99,53.0
App303,Entertainment,4.0,25707,5000,0.0,11.0
App304,Game,3.8,25707,1000000,0.0,53.0
App305,Education,4.0,41971,50000,2.99,53.0
App306,Entertainment,4.0,3916,5000,1.99,87.0
App307,Social,4.0,25707,100000,0.99,53.0
App308,Education,4.0,25707,500000,1.99,13.0
App309,Game,4.5,28565,500000,1.99,66.0
App310,Tools,4.0,25707,500000,1.99,29.0
App311,Social,4.0,44875,5000,2.99,53.0
App312,Health,4.0,26272,100000,1.99,36.0
App313,Game,4.0,25707,5000,1.99,53.0
App314,Productivity,3.9,8410,500000,0.0,44.0
App315,Health,4.0,29817,10000,1.99,55.0
App316,Game,4.0,18099,10000,4.99,53.0
App317,Education,3.8,25707,1000,2.99,53.0
App318,Game,4.0,25707,1000000,1.99,59.0
App319,Game,4.0,5945,50000,1.99,33.0
App320,Productivity,3.2,25707,50000,1.99,53.0
App321,Game,4.0,13396,500000,4.99,53.0
App322,Health,4.0,2126,50000,1.99,80.0
App323,Entertainment,4.0,25707,10000,1.99,53.0
App324,Entertainment,4.0,21603,500000,4.99,53.0
App325,Entertainment,3.8,37086,50000,1.99,53.0
App326,Productivity,3.1,25707,10000,1.99,53.0
App327,Tools,4.0,25707,50000,1.99,53.0
App328,Health,4.0,25707,50000,1.99,53.0
App329,Social,3.9,18092,100000,4.99,46.0
App330,Productivity,4.0,25707,1000000,0.0,47.0
App331,Tools,4.0,19977,1000,0.99,53.0
App332,Entertainment,4.0,25707,5000,0.0,53.0
App333,Game,4.0,25707,50000,0.0,53.0
App334,Productivity,4.0,25707,5000,1.99,53.0
App335,Productivity,4.0,33853,5000,1.99,53.0
App336,Productivity,4.0,25707,1000,1.99,53.0
App337,Education,4.0,25707,5000,1.99,53.0
App338,Education,4.0,25707,1000,1.99,53.0
App339,Health,4.0,45905,50000,2.99,53.0
App340,Finance,4.0,11049,1000000,0.0,53.0
App341,Tools,4.0,25707,5000,4.99,53.0
App342,Game,4.0,36274,50000,1.99,53.0
App343,Social,4.0,25707,50000,0.99,53.0
App344,Education,4.1,25707,50000,1.99,53.0
App345,Tools,3.5,45599,50000,0.99,68.0
App346,Health,3.8,25707,50000,1.99,53.0
App347,Education,3.9,25707,50000,1.99,53.0
App348,Entertainment,3.9,25707,1000,2.99,53.0
App349,Finance,4.0,25707,100000,1.99,94.0
App350,Entertainment,4.7,16968,1000000,2.99,53.0
App351,Game,4.0,25707,5000,2.99,78.0
App352,Finance,4.0,41723,50000,2.99,53.0
App353,Health,3.2,25707,10000,1.99,53.0
App354,Education,4.0,25707,1000,0.0,53.0
App355,Social,4.0,25707,100000,2.99,53.0
App356,Finance,4.0,45162,500000,1.99,47.0
App357,Productivity,4.9,25707,1000,1.99,47.0
App358,Productivity,4.0,30470,50000,1.99,24.0
App359,Education,3.7,25534,50000,4.99,53.0
App360,Entertainment,5.0,34670,5000,1.99,53.0
App361,Finance,4.0,25707,50000,1.99,53.0
App362,Finance,3.7,25707,100000,0.0,94.0
App363,Social,4.0,25707,50000,4.99,53.0
App364,Tools,4.0,25707,50000,0.0,53.0
App365,Game,4.0,25707,1000000,1.99,53.0
App366,Productivity,4.0,34045,100000,0.0,68.0
App367,Health,3.0,25707,50000,2.99,53.0
App368,Finance,4.0,25707,1000,1.99,53.0
App369,Productivity,4.0,11861,50000,1.99,53.0
App370,Entertainment,3.4,35196,5000,1.99,53.0
App371,Entertainment,4.4,25707,50000,1.99,53.0
App372,Tools,4.3,15181,1000,1.99,27.0
App373,Social,4.0,25707,50000,0.0,53.0
App374,Tools,4.0,25707,500000,0.99,53.0
App375,Social,4.0,48549,50000,0.0,88.0
App376,Entertainment,4.6,25707,5000,4.99,53.0
App377,Tools,3.8,25707,50000,1.99,35.0
App378,Productivity,4.0,19835,1000000,0.99,80.0
App379,Game,4.0,16746,50000,1.99,53.0
App380,Social,4.8,25707,500000,1.99,44.0
App381,Health,4.1,39255,50000,1.99,53.0
App382,Tools,3.4,25707,5000,1.99,53.0
App383,Social,4.2,12621,1000,0.0,53.0
App384,Health,3.2,22257,50000,1.99,53.0
App385,Health,4.0,25707,50000,4.99,53.0
App386,Entertainment,4.0,25707,50000,2.99,53.0
App387,Health,3.8,30669,500000,1.99,53.0
App388,Game,4.0,25707,100000,1.99,53.0
App389,Health,4.0,25707,5000,4.99,31.0
App390,Finance,4.0,25707,50000,1.99,53.0
App391,Productivity,4.0,25707,50000,0.99,53.0
App392,Game,4.0,25707,50000,0.0,73.0
App393,Finance,3.9,38526,1000,4.99,20.0
App394,Finance,3.6,36848,50000,0.0,53.0
App395,Game,4.0,25707,50000,2.99,53.0
App396,Productivity,5.0,45064,10000,1.99,25.0
App397,Finance,4.1,25707,10000,2.99,53.0
App398,Game,3.9,17297,50000,1.99,53.0
App399,Finance,4.0,25707,50000,1.99,53.0
App400,Tools,4.0,25707,50000,4.99,53.0
App401,Education,3.7,25707,1000,4.99,27.0
App402,Education,3.9,25707,1000000,2.99,53.0
App403,Health,4.0,25707,1000,0.99,53.0
App404,Tools,4.0,36893,1000000,1.99,53.0
App405,Game,4.0,25707,50000,1.99,53.0
App406,Education,3.5,33039,50000,1.99,53.0
App407,Social,4.0,17048,100000,4.99,53.0
App408,Productivity,4.0,25707,50000,1.99,53.0
App409,Finance,3.6,25707,5000,2.99,53.0
App410,Education,4.0,40309,100000,1.99,23.0
App411,Productivity,4.2,25707,500000,2.99,53.0
App412,Tools,4.0,25707,10000,1.99,53.0
App413,Education,4.0,25707,1000,2.99,53.0
App414,Social,4.0,22730,5000,0.99,41.0
App415,Entertainment,4.0,29693,100000,4.99,53.0
App416,Social,4.0,25707,50000,2.99,53.0
App417,Entertainment,4.1,2686,50000,1.99,53.0
App418,Entertainment,3.4,20981,50000,0.0,53.0
App419,Tools,4.0,24251,50000,0.99,53.0
App420,Finance,4.0,25707,500000,1.99,53.0
App421,Productivity,4.0,25707,5000,2.99,53.0
App422,Health,4.0,25707,10000,1.99,53.0
App423,Education,4.0,25707,50000,4.99,53.0
App424,Productivity,4.4,25707,1000000,0.99,53.0
App425,Tools,4.0,25707,1000000,1.99,53.0
App426,Education,4.0,18171,50000,4.99,53.0
App427,Productivity,4.0,25707,5000,1.99,53.0
App428,Tools,4.9,25707,50000,4.99,67.0
App429,Finance,4.5,25707,1000,4.99,53.0
App430,Game,4.0,16006,50000,0.0,53.0
App431,Entertainment,4.8,25707,100000,2.99,53.0
App432,Social,4.0,25707,50000,0.0,18.0
App433,Tools,3.8,25707,50000,0.0,53.0
App434,Game,4.0,25707,1000,0.99,53.0
App435,Finance,4.0,25707,1000000,1.99,53.0
App436,Game,4.0,25707,5000,1.99,25.0
App437,Tools,4.0,25707,1000,1.99,76.0
App438,Health,4.0,25707,1000000,1.99,53.0
App439,Health,4.0,25707,50000,1.99,63.0
App440,Tools,4.0,25707,5000,1.99,53.0
App441,Tools,4.0,25707,50000,2.99,12.0
App442,Social,4.0,25707,1000,0.99,25.0
App443,Education,4.0,25707,500000,0.99,53.0
App444,Health,4.0,25707,100000,0.99,53.0
App445,Education,4.0,25707,1000,0.0,96.0
App446,Social,4.0,25707,10000,0.99,84.0
App447,Health,4.4,10618,50000,2.99,53.0
App448,Game,4.7,39060,50000,0.0,79.0
App449,Game,4.6,25707,10000,1.99,53.0
App450,Entertainment,4.0,25707,100000,1.99,53.0
App451,Social,4.0,22040,10000,1.99,53.0
App452,Education,4.0,25707,500000,1.99,34.0
App453,Productivity,3.7,25707,100000,1.99,56.0
App454,Social,4.0,25707,50000,1.99,53.0
App455,Social,3.4,23127,10000,0.0,53.0
App456,Productivity,4.0,25707,500000,2.99,53.0
App457,Social,4.0,25707,100000,1.99,53.0
App458,Health,4.9,25707,100000,2.99,53.0
App459,Entertainment,4.0,25707,1000,2.99,53.0
App460,Tools,4.0,40158,50000,0.99,53.0
App461,Game,4.9,25707,50000,1.99,39.0
App462,Entertainment,3.5,25707,500000,1.99,48.0
App463,Health,4.0,19296,5000,2.99,53.0
App464,Tools,3.1,17151,10000,0.0,53.0
App465,Health,4.6,25707,5000,4.99,40.0
App466,Game,4.0,25707,50000,2.99,53.0
App467,Education,3.6,25707,1000000,1.99,47.0
App468,Entertainment,4.0,25143,50000,1.99,58.0
App469,Finance,3.4,8079,1000,0.99,53.0
App470,Education,4.0,25707,10000,2.99,53.0
App471,Productivity,3.6,25707,5000,2.99,53.0
App472,Education,4.0,25707,50000,4.99,53.0
App473,Game,3.9,25707,50000,2.99,53.0
App474,Entertainment,4.0,25707,1000000,0.99,53.0
App475,Social,4.0,38866,500000,0.0,58.0
App476,Finance,4.0,25707,50000,2.99,53.0
App477,Education,4.0,25707,100000,4.99,19.0
App478,Productivity,3.7,4592,1000000,1.99,53.0
App479,Finance,4.0,25707,50000,1.99,53.0
App480,Tools,4.0,27349,1000,0.0,53.0
App481,Education,4.0,25707,1000,1.99,53.0
App482,Tools,4.0,25707,50000,2.99,87.0
App483,Education,4.0,25707,5000,0.99,10.0
App484,Health,4.0,25707,50000,4.99,78.0
App485,Finance,4.0,34904,50000,1.99,83.0
App486,Tools,3.2,25707,50000,1.99,53.0
App487,Tools,4.9,25707,50000,1.99,53.0
App488,Social,4.2,25707,100000,2.99,94.0
App489,Productivity,3.9,27234,1000,1.99,55.0
App490,Productivity,4.5,25707,5000,1.99,54.0
App491,Entertainment,4.0,10975,50000,0.99,53.0
App492,Education,4.0,25707,1000000,1.99,53.0
App493,Finance,4.0,25707,50000,1.99,53.0
App494,Health,4.0,25707,50000,1.99,18.0
App495,Entertainment,4.0,25707,10000,0.0,53.0
App496,Tools,4.0,39033,1000000,4.99,63.0
App497,Productivity,4.0,39275,5000,1.99,46.0
App498,Education,4.0,25707,50000,0.99,53.0
App499,Finance,4.0,25707,1000,1.99,40.0
App500,Productivity,4.0,1504,10000,1.99,80.0
App501,Entertainment,4.0,25707,500000,1.99,53.0
App502,Tools,4.0,25707,50000,0.99,78.0
App503,Finance,4.0,13193,1000000,1.99,53.0
App504,Entertainment,3.2,25707,100000,0.0,53.0
App505,Education,4.0,25707,10000,0.0,53.0
App506,Social,3.9,25707,500000,2.99,77.0
App507,Education,3.4,25707,1000000,0.0,53.0
App508,Health,4.6,25707,1000000,1.99,74.0
App509,Social,4.0,25707,50000,2.99,26.0
App510,Social,4.0,3853,50000,1.99,53.0
App511,Social,4.0,25707,1000000,2.99,65.0
App512,Productivity,3.6,9002,100000,0.99,53.0
App513,Entertainment,4.7,25707,50000,2.99,77.0
App514,Social,4.0,25707,100000,0.0,53.0
App515,Social,4.0,25707,100000,4.99,53.0
App516,Productivity,4.0,1553,10000,4.99,53.0
App517,Productivity,4.9,3268,50000,2.99,53.0
App518,Education,4.0,25707,100000,2.99,53.0
App519,Health,4.0,13456,100000,4.99,61.0
App520,Entertainment,4.3,25707,10000,1.99,53.0
App521,Finance,3.4,25707,50000,0.0,53.0
App522,Health,4.0,25707,10000,0.0,53.0
App523,Game,4.0,41745,50000,2.99,21.0
App524,Productivity,4.0,25707,50000,1.99,53.0
App525,Game,4.0,25707,10000,1.99,34.0
App526,Tools,4.0,25707,50000,1.99,53.0
App527,Finance,3.2,23146,1000000,1.99,53.0
App528,Productivity,4.3,46090,1000,1.99,53.0
App529,Productivity,4.0,25707,50000,1.99,89.0
App530,Education,4.0,35100,50000,0.0,53.0
App531,Health,3.3,25707,100000,1.99,53.0
App532,Education,4.6,25707,1000,1.99,53.0
App533,Tools,4.0,25707,500000,0.99,44.0
App534,Productivity,4.0,1518,50000,1.99,53.0
App535,Productivity,4.1,25707,50000,4.99,53.0
App536,Education,4.0,6422,1000000,1.99,61.0
App537,Finance,4.0,25707,10000,1.99,81.0
App538,Health,4.0,25707,100000,0.0,53.0
App539,Productivity,4.1,25707,50000,1.99,24.0
App540,Productivity,4.0,25707,500000,4.99,27.0
App541,Game,4.0,25707,50000,1.99,53.0
App542,Health,3.6,43477,1000000,1.99,74.0
App543,Education,4.0,25707,500000,2.99,53.0
App544,Health,3.3,1515,50000,2.99,44.0
App545,Finance,4.0,25707,50000,1.99,53.0
App546,Entertainment,3.8,26000,50000,1.99,11.0
App547,Education,4.0,25707,5000,4.99,88.0
App548,Social,4.0,6610,10000,1.99,53.0
App549,Productivity,4.0,25707,50000,1.99,53.0
App550,Tools,4.0,25707,50000,0.99,16.0
App551,Finance,4.0,13052,50000,2.99,53.0
App552,Productivity,4.0,25707,100000,4.99,49.0
App553,Productivity,4.9,25707,100000,1.99,53.0
App554,Education,4.0,25707,100000,0.0,53.0
App555,Social,4.0,25707,500000,1.99,53.0
App556,Tools,4.0,7034,10000,2.99,96.0
App557,Productivity,3.2,26471,5000,1.99,53.0
App558,Health,4.7,25707,1000,0.0,53.0
App559,Tools,4.0,26714,500000,1.99,58.0
App560,Game,4.0,39566,1000000,1.99,53.0
App561,Health,3.6,25707,10000,1.99,53.0
App562,Tools,3.9,25707,100000,4.99,53.0
App563,Education,4.0,15876,50000,1.99,29.0
App564,Entertainment,4.0,25707,50000,1.99,53.0
App565,Education,4.7,25707,50000,0.0,29.0
App566,Productivity,4.0,25707,100000,1.99,53.0
App567,Education,3.2,34844,10000,0.0,53.0
App568,Tools,3.7,25707,100000,1.99,53.0
App569,Game,4.8,25707,5000,4.99,53.0
App570,Education,4.1,25707,100000,1.99,70.0
App571,Finance,3.3,25707,50000,0.99,53.0
App572,Finance,4.9,25707,50000,1.99,53.0
App573,Productivity,4.0,25707,50000,2.99,41.0
App574,Health,3.0,25707,50000,0.99,77.0
App575,Tools,4.0,25707,500000,1.99,53.0
App576,Entertainment,3.4,10870,50000,1.99,69.0
App577,Health,3.3,25707,5000,4.99,67.0
App578,Finance,4.0,25707,1000000,2.99,53.0
App579,Tools,4.0,25707,1000,1.99,78.0
App580,Entertainment,4.0,8721,1000000,2.99,53.0
App581,Productivity,4.4,25707,10000,1.99,53.0
App582,Finance,3.7,25707,500000,0.99,53.0
App583,Entertainment,4.8,222,1000000,1.99,53.0
App584,Education,5.0,25707,100000,1.99,53.0
App585,Entertainment,3.9,25707,5000,1.99,53.0
App586,Social,3.0,25707,1000,2.99,53.0
App587,Finance,3.0,25707,500000,1.99,89.0
App588,Tools,4.0,15563,1000,2.99,53.0
App589,Productivity,4.0,28564,500000,1.99,18.0
App590,Tools,4.0,10110,50000,0.0,53.0
App591,Finance,4.0,25707,5000,0.99,53.0
App592,Productivity,4.4,25707,1000,1.99,53.0
App593,Entertainment,4.0,5526,10000,0.99,53.0
App594,Finance,4.0,25707,1000,4.99,53.0
App595,Health,4.0,25707,50000,1.99,53.0
App596,Game,5.0,1528,100000,2.99,26.0
App597,Finance,4.0,25707,100000,2.99,53.0
App598,Entertainment,3.8,15902,50000,2.99,53.0
App599,Tools,4.0,49271,500000,2.99,53.0
App600,Tools,4.9,41396,5000,4.99,53.0
App601,Social,4.0,34124,500000,1.99,53.0
App602,Tools,4.0,25707,1000,1.99,74.0
App603,Finance,4.0,23995,100000,1.99,88.0
App604,Social,4.1,25707,5000,1.99,53.0
App605,Finance,4.0,25707,50000,1.99,43.0
App606,Productivity,4.0,40476,50000,0.99,99.0
App607,Entertainment,4.0,2498,50000,2.99,53.0
App608,Health,4.0,21794,500000,2.99,53.0
App609,Tools,4.0,25707,10000,1.99,53.0
App610,Finance,4.3,25707,50000,0.99,97.0
App611,Education,4.0,43987,1000000,4.99,73.0
App612,Education,3.4,25707,50000,1.99,27.0
App613,Social,4.5,25707,100000,0.99,53.0
App614,Education,4.0,13658,50000,4.99,88.0
App615,Social,4.0,25707,1000000,4.99,73.0
App616,Game,4.0,25707,50000,0.99,53.0
App617,Game,4.0,25707,500000,2.99,12.0
App618,Productivity,4.0,4602,10000,1.99,25.0
App619,Tools,4.8,25707,1000,1.99,16.0
App620,Health,4.0,25707,100000,0.99,53.0
App621,Tools,4.0,25707,1000000,4.99,53.0
App622,Entertainment,4.0,25707,50000,1.99,53.0
App623,Game,4.0,25707,1000000,4.99,65.0
App624,Tools,4.0,11505,1000000,1.99,53.0
App625,Game,4.0,25707,1000000,4.99,53.0
App626,Productivity,3.8,25707,10000,1.99,53.0
App627,Finance,4.0,31473,10000,1.99,53.0
App628,Education,4.6,25707,100000,1.99,53.0
App629,Entertainment,3.4,14896,50000,2.99,53.0
App630,Education,3.6,25707,10000,2.99,53.0
App631,Education,4.0,25707,10000,4.99,53.0
App632,Finance,4.0,25707,1000,2.99,76.0
App633,Entertainment,4.0,25707,500000,1.99,53.0
App634,Education,4.0,25707,1000000,2.99,53.0
App635,Tools,4.0,25707,1000,1.99,11.0
App636,Game,3.3,25707,1000,2.99,99.0
App637,Education,4.0,25707,100000,0.99,54.0
App638,Social,4.0,25707,100000,1.99,38.0
App639,Finance,4.0,25707,50000,1.99,53.0
App640,Productivity,4.0,10355,10000,0.99,53.0
App641,Entertainment,4.0,36477,50000,1.99,53.0
App642,Health,4.6,20988,5000,1.99,53.0
App643,Education,3.4,25707,1000000,1.99,53.0
App644,Social,4.6,43215,1000000,4.99,53.0
App645,Social,3.9,25707,100000,4.99,15.0
App646,Education,4.5,2737,5000,0.99,53.0
App647,Finance,4.0,25707,500000,0.99,23.0
App648,Productivity,4.0,25707,5000,1.99,95.0
App649,Productivity,4.0,25707,50000,1.99,53.0
App650,Education,4.0,22511,50000,4.99,53.0
App651,Education,4.2,25707,1000,2.99,51.0
App652,Tools,4.0,48553,1000,2.99,53.0
App653,Productivity,4.0,25707,50000,4.99,53.0
App654,Tools,3.7,25707,1000,4.99,60.0
App655,Social,4.0,25848,5000,4.99,65.0
App656,Tools,4.0,42129,1000000,4.99,76.0
App657,Finance,3.0,25707,10000,1.99,21.0
App658,Productivity,4.0,25707,500000,0.0,55.0
App659,Game,3.0,7930,100000,1.99,53.0
App660,Game,4.0,4886,10000,0.0,53.0
App661,Game,3.4,35098,5000,1.99,53.0
App662,Entertainment,4.5,25707,100000,1.99,53.0
App663,Finance,3.2,29896,100000,1.99,15.0
App664,Education,3.6,22401,500000,2.99,53.0
App665,Education,4.5,25707,100000,1.99,49.0
App666,Game,4.0,25707,5000,1.99,53.0
App667,Finance,4.0,22870,1000,0.0,68.0
App668,Entertainment,3.0,25707,500000,2.99,96.0
App669,Education,4.3,25707,500000,1.99,10.0
App670,Tools,4.0,37056,10000,4.99,53.0
App671,Entertainment,4.0,25707,50000,2.99,53.0
App672,Entertainment,4.8,25707,5000,2.99,53.0
App673,Game,4.0,25707,100000,4.99,51.0
App674,Entertainment,4.0,25707,500000,0.0,29.0
App675,Health,3.5,25707,10000,2.99,53.0
App676,Entertainment,3.1,25707,500000,1.99,53.0
App677,Finance,4.0,25707,1000,4.99,53.0
App678,Finance,3.5,25707,100000,4.99,66.0
App679,Finance,3.6,49890,500000,1.99,53.0
App680,Entertainment,4.0,25707,50000,1.99,53.0
App681,Productivity,4.0,25707,500000,0.0,53.0
App682,Entertainment,4.0,25707,5000,4.99,53.0
App683,Health,3.0,25707,1000000,1.99,53.0
App684,Entertainment,4.2,25707,1000000,0.0,53.0
App685,Productivity,4.0,25707,50000,0.99,63.0
App686,Social,4.0,18799,100000,0.99,53.0
App687,Productivity,4.1,25707,50000,1.99,53.0
App688,Game,4.0,25707,100000,1.99,12.0
App689,Entertainment,4.0,25707,1000000,1.99,32.0
App690,Education,4.0,25707,500000,1.99,53.0
App691,Education,4.8,25707,1000,1.99,53.0
App692,Finance,4.0,25707,100000,0.0,53.0
App693,Tools,4.0,25707,100000,0.99,85.0
App694,Entertainment,4.0,22498,50000,1.99,28.0
App695,Productivity,4.8,14207,50000,0.0,94.0
App696,Game,3.1,46097,1000000,0.0,53.0
App697,Tools,3.5,6536,50000,0.99,10.0
App698,Education,4.0,26300,100000,1.99,75.0
App699,Social,4.0,25707,50000,1.99,53.0
App700,Education,3.0,25707,100000,1.99,30.0
App701,Health,4.0,42591,50000,1.99,90.0
App702,Tools,4.1,42648,100000,2.99,53.0
App703,Productivity,4.0,25707,100000,0.0,53.0
App704,Productivity,4.0,25707,1000,1.99,53.0
App705,Finance,4.0,25707,500000,0.0,73.0
App706,Education,4.3,25707,100000,4.99,70.0
App707,Education,4.0,25707,1000,0.99,53.0
App708,Health,4.0,25707,10000,1.99,26.0
App709,Game,4.0,46649,10000,0.0,53.0
App710,Health,4.0,25707,1000,0.99,53.0
App711,Health,4.0,25707,500000,2.99,53.0
App712,Productivity,4.8,35475,1000,0.0,93.0
App713,Health,4.0,25707,50000,1.99,53.0
App714,Finance,4.1,25707,1000000,1.99,58.0
App715,Productivity,4.0,9894,500000,1.99,53.0
App716,Tools,4.0,25707,50000,4.99,17.0
App717,Entertainment,3.6,32971,100000,1.99,53.0
App718,Tools,4.0,25707,5000,0.99,53.0
App719,Tools,4.0,1705,1000000,4.99,53.0
App720,Entertainment,3.1,28804,50000,4.99,47.0
App721,Game,4.0,25707,50000,1.99,55.0
App722,Tools,4.0,25707,5000,1.99,53.0
App723,Education,4.0,25707,50000,1.99,53.0
App724,Health,3.2,25707,1000,1.99,53.0
App725,Social,4.0,25707,500000,4.99,53.0
App726,Education,4.0,25707,50000,0.99,53.0
App727,Tools,4.7,39053,50000,0.0,86.0
App728,Productivity,4.0,25707,10000,2.99,53.0
App729,Productivity,4.0,25707,50000,4.99,53.0
App730,Tools,4.0,26834,50000,1.99,77.0
App731,Social,4.3,25707,5000,0.99,53.0
App732,Health,3.6,25707,50000,1.99,63.0
App733,Education,4.7,11262,1000,1.99,53.0
App734,Tools,4.0,25707,500000,4.99,84.0
App735,Health,4.0,25707,100000,1.99,41.0
App736,Tools,4.0,25707,500000,1.99,53.0
App737,Game,4.0,25707,5000,1.99,53.0
App738,Finance,4.0,45801,50000,0.0,53.0
App739,Entertainment,4.0,14715,500000,0.99,72.0
App740,Social,4.0,25707,5000,1.99,53.0
App741,Social,5.0,25707,5000,0.0,53.0
App742,Game,4.5,25707,50000,1.99,42.0
App743,Productivity,4.0,25707,50000,1.99,53.0
App744,Education,4.0,25707,5000,4.99,53.0
App745,Education,4.0,25707,1000,0.99,36.0
App746,Entertainment,3.3,25707,5000,2.99,98.0
App747,Productivity,4.0,25707,10000,0.99,65.0
App748,Finance,4.0,38640,5000,1.99,53.0
App749,Productivity,4.0,25707,1000,2.99,86.0
App750,Education,4.0,25707,1000,1.99,53.0
App751,Health,4.6,25707,1000000,1.99,41.0
App752,Entertainment,4.0,9123,10000,1.99,53.0
App753,Finance,3.4,25707,1000000,1.99,53.0
App754,Game,4.0,25707,50000,1.99,53.0
App755,Tools,4.0,25707,50000,1.99,53.0
App756,Education,4.0,25707,50000,0.99,53.0
App757,Social,3.7,25707,100000,2.99,53.0
App758,Health,4.0,25707,10000,1.99,53.0
App759,Productivity,3.4,25707,1000,4.99,53.0
App760,Tools,4.0,25707,5000,1.99,53.0
App761,Social,4.0,25707,50000,4.99,46.0
App762,Entertainment,4.0,25707,50000,4.99,80.0
App763,Tools,4.0,25707,1000000,1.99,84.0
App764,Productivity,4.0,25707,5000,2.99,60.0
App765,Game,4.0,25707,5000,4.99,53.0
App766,Health,4.1,25707,5000,0.99,53.0
App767,Productivity,4.0,25707,10000,2.99,53.0
App768,Productivity,4.8,25707,50000,0.0,91.0
App769,Health,4.0,25707,5000,1.99,53.0
App770,Game,3.0,25707,5000,2.99,53.0
App771,Tools,3.8,25707,50000,0.99,53.0
App772,Productivity,4.0,32792,100000,1.99,65.0
App773,Health,4.0,17529,10000,1.99,50.0
App774,Health,4.0,25707,100000,1.99,44.0
App775,Social,3.1,25707,1000,1.99,63.0
App776,Productivity,4.0,25707,50000,1.99,53.0
App777,Tools,4.1,24805,50000,1.99,32.0
App778,Health,4.0,25707,5000,2.99,53.0
App779,Finance,4.0,44360,10000,0.0,53.0
App780,Game,4.0,25707,10000,2.99,53.0
App781,Productivity,4.0,28415,1000000,4.99,53.0
App782,Social,4.0,25707,50000,0.99,53.0
App783,Tools,4.8,25707,1000,1.99,53.0
App784,Tools,4.0,25707,100000,0.0,55.0
App785,Education,4.0,21931,50000,1.99,53.0
App786,Education,4.0,7411,100000,1.99,58.0
App787,Game,4.0,25707,50000,1.99,53.0
App788,Game,4.0,25707,1000,1.99,53.0
App789,Finance,4.0,8874,50000,0.99,53.0
App790,Productivity,4.0,15529,100000,4.99,72.0
App791,Finance,4.0,25707,50000,1.99,53.0
App792,Game,4.0,48738,1000000,2.99,53.0
App793,Productivity,4.0,25707,50000,1.99,18.0
App794,Finance,3.2,25707,50000,1.99,53.0
App795,Game,3.6,10238,500000,0.99,53.0
App796,Finance,4.0,25707,50000,1.99,78.0
App797,Productivity,4.0,25707,50000,4.99,53.0
App798,Social,4.0,48226,500000,1.99,53.0
App799,Health,3.3,14674,500000,1.99,53.0
App800,Entertainment,4.8,20096,100000,1.99,64.0
App801,Entertainment,3.5,5297,10000,1.99,53.0
App802,Entertainment,5.0,25707,500000,0.99,65.0
App803,Education,4.0,18502,50000,0.0,53.0
App804,Health,3.1,25707,500000,2.99,14.0
App805,Productivity,4.3,25707,50000,0.99,53.0
App806,Tools,4.0,7803,1000,2.99,53.0
App807,Education,4.6,24221,1000000,2.99,53.0
App808,Entertainment,4.0,25707,500000,2.99,53.0
App809,Productivity,4.0,25707,50000,4.99,53.0
App810,Entertainment,4.0,25707,1000000,1.99,93.0
App811,Tools,4.0,46140,500000,2.99,40.0
App812,Tools,4.0,25707,1000000,0.0,53.0
App813,Social,4.7,25707,50000,1.99,53.0
App814,Game,3.1,25707,50000,4.99,53.0
App815,Education,3.5,25707,1000000,4.99,53.0
App816,Education,4.5,1094,1000000,1.99,54.0
App817,Productivity,4.0,25707,50000,1.99,54.0
App818,Game,4.0,25707,500000,2.99,53.0
App819,Entertainment,4.5,25707,1000,2.99,53.0
App820,Finance,3.0,35852,10000,0.0,73.0
App821,Health,4.0,34172,50000,4.99,53.0
App822,Entertainment,4.0,25707,1000,1.99,53.0
App823,Health,4.0,44223,1000000,1.99,53.0
App824,Finance,4.5,25707,100000,1.99,11.0
App825,Tools,4.5,48013,10000,1.99,53.0
App826,Education,3.8,25707,5000,2.99,19.0
App827,Health,4.0,25707,50000,2.99,42.0
App828,Productivity,4.0,25707,1000,0.0,53.0
App829,Productivity,4.0,25707,1000000,1.99,53.0
App830,Education,4.0,23546,1000,1.99,39.0
App831,Productivity,4.0,25707,50000,1.99,87.0
App832,Tools,3.8,25707,10000,2.99,24.0
App833,Entertainment,4.9,25707,50000,0.0,53.0
App834,Education,3.3,8654,500000,0.0,53.0
App835,Tools,3.4,25707,10000,1.99,53.0
App836,Education,4.0,28327,5000,1.99,59.0
App837,Tools,4.0,48328,5000,4.99,53.0
App838,Game,3.2,46411,10000,0.99,53.0
App839,Health,3.1,25707,10000,4.99,53.0
App840,Productivity,3.9,25707,50000,0.99,53.0
App841,Finance,3.2,25707,50000,4.99,53.0
App842,Tools,4.6,25707,50000,1.99,53.0
App843,Entertainment,4.0,25707,50000,1.99,53.0
App844,Finance,3.2,25707,50000,4.99,53.0
App845,Entertainment,4.0,25707,1000000,1.99,14.0
App846,Entertainment,4.0,10384,50000,1.99,53.0
App847,Social,4.0,25707,50000,1.99,53.0
App848,Entertainment,3.8,25707,5000,1.99,26.0
App849,Education,3.9,25707,50000,1.99,14.0
App850,Health,4.0,25707,500000,0.0,80.0
App851,Productivity,3.7,5149,50000,1.99,53.0
App852,Health,4.0,25707,5000,1.99,53.0
App853,Social,3.3,2472,50000,1.99,53.0
App854,Social,4.0,9129,500000,1.99,53.0
App855,Education,4.0,25707,1000000,2.99,46.0
App856,Education,4.0,25707,50000,2.99,53.0
App857,Entertainment,4.0,4027,10000,2.99,53.0
App858,Social,4.0,45584,50000,1.99,53.0
App859,Productivity,4.7,7649,50000,1.99,53.0
App860,Social,4.0,25707,10000,0.99,53.0
App861,Health,4.0,25707,5000,0.99,53.0
App862,Social,3.3,28259,50000,2.99,72.0
App863,Tools,4.0,45072,10000,4.99,53.0
App864,Game,4.4,25707,50000,0.99,53.0
App865,Productivity,4.0,26378,1000,1.99,53.0
App866,Entertainment,4.0,25707,50000,0.0,29.0
App867,Education,3.4,25707,1000,1.99,53.0
App868,Entertainment,4.0,25707,50000,2.99,53.0
App869,Game,4.0,32384,10000,1.99,53.0
App870,Finance,3.6,25707,1000000,1.99,53.0
App871,Productivity,4.0,25707,50000,0.0,60.0
App872,Entertainment,4.0,25707,100000,0.0,53.0
App873,Entertainment,4.0,25707,500000,0.99,53.0
App874,Social,4.0,25707,50000,2.99,53.0
App875,Education,4.0,18674,1000,2.99,53.0
App876,Game,4.0,25707,100000,1.99,53.0
App877,Health,4.0,25707,1000,1.99,14.0
App878,Education,4.0,45898,100000,1.99,74.0
App879,Health,4.1,25707,50000,1.99,53.0
App880,Health,4.7,25707,10000,0.0,53.0
App881,Tools,4.0,25707,10000,4.99,19.0
App882,Finance,4.0,25707,50000,1.99,41.0
App883,Game,3.5,43412,50000,0.0,53.0
App884,Game,4.0,25707,500000,1.99,53.0
App885,Education,4.0,40980,1000000,2.99,53.0
App886,Social,4.0,25707,5000,1.99,53.0
App887,Health,4.0,31340,5000,4.99,53.0
App888,Social,4.0,25707,50000,2.99,53.0
App889,Health,4.0,22286,50000,0.99,40.0
App890,Tools,3.5,36748,5000,1.99,53.0
App891,Tools,3.2,25707,50000,2.99,90.0
App892,Finance,3.8,1109,5000,1.99,57.0
App893,Tools,4.0,15222,500000,0.0,53.0
App894,Productivity,4.0,25707,100000,1.99,92.0
App895,Tools,4.0,32123,50000,0.99,19.0
App896,Entertainment,3.8,36058,100000,2.99,53.0
App897,Tools,4.0,25707,10000,1.99,17.0
App898,Productivity,4.0,25707,50000,1.99,78.0
App899,Social,4.9,1429,5000,2.99,81.0
App900,Social,4.0,25707,1000000,4.99,53.0
App901,Tools,4.0,16387,5000,1.99,83.0
App902,Education,4.0,47290,5000,0.0,53.0
App903,Tools,4.0,45880,1000000,4.99,53.0
App904,Health,4.0,25707,500000,1.99,53.0
App905,Health,4.0,25707,1000000,1.99,55.0
App906,Entertainment,4.8,25707,50000,0.99,53.0
App907,Game,4.0,29204,500000,0.99,93.0
App908,Social,4.0,48883,1000000,1.99,53.0
App909,Game,4.4,25707,50000,1.99,53.0
App910,Education,4.0,25707,50000,0.99,53.0
App911,Tools,4.0,22676,500000,1.99,53.0
App912,Entertainment,4.0,25707,50000,1.99,53.0
App913,Education,4.0,25707,1000000,1.99,53.0
App914,Finance,4.0,25707,10000,0.99,99.0
App915,Game,4.9,25707,50000,2.99,53.0
App916,Entertainment,4.0,25707,50000,1.99,44.0
App917,Health,4.0,45025,10000,0.0,29.0
App918,Game,4.9,36083,500000,2.99,53.0
App919,Productivity,3.5,25707,5000,0.0,53.0
App920,Productivity,4.9,25707,100000,1.99,53.0
App921,Education,4.0,9463,50000,0.99,53.0
App922,Entertainment,4.0,25707,500000,1.99,53.0
App923,Education,4.0,25707,1000000,2.99,53.0
App924,Productivity,4.7,25707,100000,2.99,53.0
App925,Productivity,4.0,25707,50000,1.99,49.0
App926,Game,4.0,14730,5000,1.99,11.0
App927,Finance,4.0,25707,5000,0.99,49.0
App928,Productivity,4.3,25707,1000000,2.99,53.0
App929,Game,4.0,25707,50000,1.99,53.0
App930,Social,3.1,25707,50000,0.0,53.0
App931,Social,5.0,25707,1000,2.99,53.0
App932,Productivity,4.0,35740,5000,1.99,53.0
App933,Education,4.0,25707,50000,1.99,53.0
App934,Health,4.0,25707,1000,4.99,53.0
App935,Social,4.0,25707,1000,2.99,55.0
App936,Social,3.7,25707,500000,0.99,53.0
App937,Tools,4.0,25707,10000,1.99,53.0
App938,Finance,4.9,25707,5000,4.99,53.0
App939,Finance,3.6,25707,5000,0.99,53.0
App940,Health,4.0,25707,1000000,0.0,53.0
App941,Entertainment,4.0,25707,1000,1.99,53.0
App942,Social,4.0,3285,50000,0.99,85.0
App943,Social,4.0,25707,500000,2.99,53.0
App944,Health,3.6,25707,10000,1.99,53.0
App945,Entertainment,4.0,20528,50000,0.0,37.0
App946,Social,4.0,16975,1000,1.99,53.0
App947,Social,4.0,25707,50000,1.99,53.0
App948,Health,4.0,25707,10000,2.99,36.0
App949,Entertainment,4.0,24300,5000,1.99,53.0
App950,Health,4.0,25707,5000,4.99,51.0
App951,Game,4.0,25707,500000,2.99,53.0
App952,Productivity,3.3,25707,10000,0.99,53.0
App953,Finance,3.3,46704,10000,0.0,63.0
App954,Social,4.0,25707,10000,4.99,53.0
App955,Education,4.5,25707,1000000,0.0,53.0
App956,Entertainment,3.2,36610,50000,0.99,26.0
App957,Education,4.0,39698,50000,1.99,53.0
App958,Education,4.0,25707,10000,1.99,53.0
App959,Social,4.0,17143,50000,1.99,53.0
App960,Health,3.1,25707,50000,4.99,80.0
App961,Game,4.5,25707,10000,2.99,53.0
App962,Productivity,4.0,40180,50000,0.0,56.0
App963,Productivity,4.0,46425,50000,2.99,53.0
App964,Social,4.0,25707,1000000,2.99,53.0
App965,Entertainment,4.0,40466,50000,1.99,53.0
App966,Education,4.6,38737,50000,1.99,53.0
App967,Productivity,4.0,25707,50000,1.99,53.0
App968,Game,5.0,25707,100000,1.99,53.0
App969,Social,4.0,25707,50000,1.99,53.0
App970,Game,4.0,25707,1000000,1.99,60.0
App971,Health,4.0,25707,50000,0.99,53.0
App972,Education,4.0,18621,50000,2.99,66.0
App973,Tools,4.0,4660,50000,2.99,53.0
App974,Tools,4.2,25707,50000,0.99,89.0
App975,Game,4.0,25707,1000000,1.99,53.0
App976,Health,4.0,25707,1000000,4.99,13.0
App977,Health,4.0,38344,50000,1.99,12.0
App978,Tools,4.2,25707,1000000,1.99,53.0
App979,Tools,3.5,25707,10000,4.99,53.0
App980,Game,4.6,25707,100000,0.0,23.0
App981,Social,4.0,15441,1000,2.99,53.0
App982,Game,4.0,25707,1000000,0.99,53.0
App983,Game,4.0,25707,500000,0.0,53.0
App984,Social,4.0,25707,1000000,2.99,36.0
App985,Health,4.2,39125,50000,1.99,53.0
App986,Game,4.0,25707,10000,1.99,85.0
App987,Entertainment,4.0,2358,50000,0.0,60.0
App988,Finance,4.0,3815,10000,2.99,53.0
App989,Entertainment,4.0,25707,50000,1.99,98.0
App990,Social,4.0,25707,50000,1.99,67.0
App991,Finance,4.0,31640,1000000,1.99,53.0
App992,Education,4.8,25707,50000,4.99,53.0
App993,Finance,4.0,2258,50000,0.0,53.0
App994,Tools,4.5,48308,50000,2.99,53.0
App995,Game,4.0,25707,50000,0.99,53.0
App996,Social,4.0,25707,50000,1.99,53.0
App997,Health,4.0,25707,50000,1.99,53.0
App998,Social,4.4,40593,500000,2.99,53.0
App999,Productivity,4.0,19533,50000,0.99,53.0
App1000,Entertainment,4.0,30625,100000,1.99,53.0
